0.0132678132678133,0.0329238329238329,0.058968058968059,0.101228501228501,0.112039312039312,0.122850122850123,0.113513513513514,0.106142506142506,0.084029484029484,0.055036855036855,0.0442260442260442,0.028009828009828,0.028992628992629,0.0171990171990172,0.0117936117936118,0.00835380835380835,0.00687960687960688,0.00491400491400491,0.00687960687960688,0.0058968058968059,0.00491400491400491,0.00393120393120393,0.00245700245700246,0.00245700245700246,0.00196560196560197,0.00196560196560197,0.000491400491400491,0.00147420147420147,0.00245700245700246,0.00245700245700246,0,0.000982800982800983,0.000982800982800983,0.000982800982800983,0.000491400491400491,0.000982800982800983,0.000491400491400491,0,0,0,0,0.000982800982800983,0.000491400491400491,0.00147420147420147,0.000491400491400491,0,0.000491400491400491,0.000491400491400491,0,0,0,0,0,0,0.000491400491400491,0,0.000491400491400491,0,0.000491400491400491,0,0.000491400491400491,0,0,0,0,0,0,0,0,0,0,0,0,0,0,0,0,0,0,0,0,0,0,0,0,0,0,0,0,0,0,0.000491400491400491,0,0,0,0,0,0,0,0,0,0,0,0,0.000491400491400491,0,0,0,0,0,0,0,0,0,0,0,0,0,0,0,0,0,0,0,0,0,0,0,0,0,0,0,0,0,0,0,0,0,0,0,0,0,0,0,0,0,0,0,0,0,0,0,0,0,0,0,0,0,0,0,0,0,0,0,0,0,0,0,0,0,0,0,0,0,0,0,0,0,0,0,0,0,0,0,0,0,0,0,0,0,0,0,0,0,0,0,0,0,0,0
0.0154382470119522,0.0313745019920319,0.0657370517928287,0.0941235059760956,0.118027888446215,0.127490039840637,0.119521912350598,0.10308764940239,0.0657370517928287,0.0577689243027888,0.0423306772908367,0.0368525896414343,0.0249003984063745,0.0119521912350598,0.0119521912350598,0.0109561752988048,0.0104581673306773,0.00697211155378486,0.0049800796812749,0.00398406374501992,0.00398406374501992,0.00348605577689243,0.00298804780876494,0.00348605577689243,0.00149402390438247,0.00298804780876494,0.00348605577689243,0.00099601593625498,0.00199203187250996,0.00099601593625498,0.00199203187250996,0.00149402390438247,0,0.00099601593625498,0.00099601593625498,0.00049800796812749,0.00099601593625498,0,0.00049800796812749,0,0,0,0.00049800796812749,0,0,0.00049800796812749,0,0,0,0,0,0.00049800796812749,0,0.00049800796812749,0,0,0.00049800796812749,0,0,0.00049800796812749,0,0,0,0,0,0,0,0,0,0,0,0,0,0,0,0,0,0,0,0,0,0,0,0,0,0,0,0,0,0,0,0,0,0,0,0,0,0,0,0,0,0,0,0,0,0,0,0,0,0,0,0,0,0,0,0,0,0,0,0,0,0,0,0,0,0,0,0,0,0,0,0,0,0,0,0,0,0,0,0,0,0,0,0,0,0,0,0,0,0,0,0,0,0,0,0,0,0,0,0,0,0,0,0,0,0,0,0,0,0,0,0,0,0,0,0,0,0,0,0,0,0,0,0,0,0,0,0,0,0,0,0,0,0,0,0,0,0,0,0
0.0165772793759142,0.0326669917113603,0.0697220867869332,0.098488542174549,0.106289614822038,0.116040955631399,0.127254997562165,0.0867869332033155,0.0736226231106777,0.0550950755728913,0.045831301803998,0.0312042905899561,0.0297415894685519,0.0190151145782545,0.01511457825451,0.0121891760117016,0.00828863968795709,0.00487567040468064,0.0068259385665529,0.00487567040468064,0.00780107264748903,0.00390053632374451,0.00243783520234032,0.00243783520234032,0.00243783520234032,0.00536323744514871,0.000975134080936129,0.00195026816187226,0.000975134080936129,0.000487567040468064,0.000487567040468064,0.00146270112140419,0.000487567040468064,0.00146270112140419,0.000487567040468064,0,0,0.000487567040468064,0.000487567040468064,0.00146270112140419,0.000975134080936129,0.000487567040468064,0,0,0,0,0,0.000487567040468064,0,0,0,0,0,0.000487567040468064,0,0,0,0,0.000487567040468064,0,0,0,0,0,0.000487567040468064,0,0,0,0,0,0,0,0,0,0,0,0,0.000487567040468064,0,0,0,0,0,0,0,0,0,0,0,0,0,0,0,0,0,0,0,0,0,0,0,0,0,0,0,0,0,0,0,0,0,0,0,0,0,0,0,0,0,0,0,0,0,0,0,0,0,0,0,0,0,0,0,0,0,0,0,0,0,0,0,0,0,0,0,0,0,0,0,0,0,0,0,0,0,0,0,0,0,0,0,0,0,0,0,0,0,0,0,0,0,0,0,0,0,0,0,0,0,0,0,0,0,0,0,0,0,0,0,0,0,0,0,0,0,0,0,0,0,0
0.0177690029615005,0.0266535044422507,0.0562685093780849,0.0947680157946693,0.117472852912142,0.119447186574531,0.111549851924975,0.0977295162882527,0.0853899308983218,0.0661401776900296,0.0478775913129319,0.0222112537018756,0.0231984205330701,0.0231984205330701,0.0153010858835143,0.0118460019743337,0.00937808489634748,0.00740375123395854,0.0054294175715696,0.00493583415597236,0.00444225074037512,0.00444225074037512,0.00197433366238894,0.00246791707798618,0.00345508390918065,0.00148075024679171,0.00148075024679171,0.000987166831194472,0.000493583415597236,0.00296150049358342,0.000987166831194472,0.00148075024679171,0.000493583415597236,0.00148075024679171,0,0.000493583415597236,0.000493583415597236,0.00148075024679171,0,0.000987166831194472,0,0,0.000493583415597236,0,0,0,0,0.000493583415597236,0,0.000987166831194472,0,0,0,0,0.000987166831194472,0,0.000987166831194472,0,0,0,0,0,0,0,0,0,0,0,0,0,0,0,0,0,0,0,0,0,0,0,0,0,0,0,0,0,0,0,0,0,0,0,0,0,0,0,0,0,0,0,0,0,0,0,0,0,0,0,0,0,0,0,0,0,0,0,0,0,0,0,0,0,0,0,0,0,0,0,0,0,0,0,0,0,0,0,0,0,0,0,0,0,0,0,0,0,0,0,0,0,0,0,0,0,0,0,0,0,0,0,0,0,0,0,0,0,0,0,0,0,0,0,0,0,0,0,0,0,0,0,0,0,0,0,0,0,0,0,0,0,0,0,0,0,0,0,0,0,0,0
0.016256157635468,0.0394088669950739,0.0586206896551724,0.101477832512315,0.114778325123153,0.135960591133005,0.112807881773399,0.096551724137931,0.0788177339901478,0.0492610837438424,0.0482758620689655,0.0270935960591133,0.0201970443349754,0.012807881773399,0.0172413793103448,0.00689655172413793,0.0103448275862069,0.0083743842364532,0.00591133004926108,0.00394088669950739,0.00295566502463054,0.00394088669950739,0.00295566502463054,0,0.00147783251231527,0.00197044334975369,0.00147783251231527,0.00197044334975369,0.00246305418719212,0.000492610837438424,0.000985221674876847,0.000492610837438424,0.000492610837438424,0.00197044334975369,0.000985221674876847,0.00147783251231527,0.000492610837438424,0,0.000492610837438424,0.000985221674876847,0.000492610837438424,0,0,0.000492610837438424,0.000492610837438424,0,0.000492610837438424,0.000985221674876847,0.000492610837438424,0.000492610837438424,0,0.000492610837438424,0,0,0.000985221674876847,0,0,0,0.000492610837438424,0,0.000492610837438424,0,0,0,0,0,0,0,0,0.000492610837438424,0,0,0,0,0,0,0,0,0,0,0,0,0,0,0,0,0,0,0,0,0,0,0,0,0,0,0,0,0,0,0,0,0,0,0,0,0,0,0,0,0,0,0,0,0,0,0,0,0,0,0,0,0,0,0,0,0,0,0,0,0,0,0,0,0,0,0,0,0,0,0,0,0,0,0,0,0,0,0,0,0,0,0,0,0,0,0,0,0,0,0,0,0,0,0,0,0,0,0,0,0,0,0,0,0,0,0,0,0,0,0,0,0,0,0,0,0,0,0,0,0,0,0,0,0,0,0,0,0,0
0.012,0.025,0.066,0.1055,0.119,0.146,0.1105,0.089,0.0745,0.058,0.0385,0.0335,0.023,0.0115,0.015,0.0065,0.0125,0.006,0.0045,0.0045,0.005,0.004,0.003,0.0035,0.002,0.002,0.0015,0.002,0.001,0.003,0.0005,0.0005,0.0015,0.0005,0.0005,0,0.0005,0,0.0005,0.0005,0,0.0015,0.0005,0,0.0005,0.0005,0.0005,0,0,0.0005,0.0005,0.0005,0,0,0.0005,0.0005,0.0005,0,0,0,0,0,0,0,0.0005,0,0,0,0,0,0,0,0,0,0,0,0,0,0,0,0,0,0,0,0,0,0,0,0,0,0,0,0,0,0,0,0,0,0,0,0,0,0,0,0,0,0,0,0,0,0,0,0,0,0,0,0,0,0,0,0,0,0,0,0,0,0,0,0,0,0,0,0,0,0,0,0,0,0,0,0,0,0,0,0,0,0,0,0,0,0,0,0,0,0,0,0,0,0,0,0,0,0,0,0,0,0,0,0,0,0,0,0,0,0,0,0,0,0,0,0,0,0,0,0,0,0,0,0,0,0,0,0,0,0,0,0,0,0,0
0.0138135175135668,0.0340404538727183,0.0651208682782437,0.0902812037493833,0.105081401085348,0.141095214602861,0.123828317710903,0.108041440552541,0.0799210656142082,0.0503206709422792,0.0439072520966946,0.0231869758263444,0.0286137148495313,0.0118401578687716,0.0148001973359645,0.00592007893438579,0.0093734583127775,0.00888011840157869,0.00394671928959053,0.00345337937839171,0.0029600394671929,0.00592007893438579,0.0029600394671929,0.00148001973359645,0.000493339911198816,0.00246669955599408,0.00148001973359645,0.000986679822397632,0.000493339911198816,0.000493339911198816,0.00148001973359645,0.00246669955599408,0.000493339911198816,0,0.000493339911198816,0.00148001973359645,0.000493339911198816,0.00148001973359645,0.000493339911198816,0.000493339911198816,0,0,0,0.000493339911198816,0,0,0,0,0,0.000986679822397632,0.000986679822397632,0,0,0.000986679822397632,0.000493339911198816,0,0.000493339911198816,0,0,0,0.000493339911198816,0,0,0,0.000493339911198816,0,0,0,0,0,0,0,0,0,0,0,0,0,0,0,0,0,0,0,0,0,0,0,0,0,0,0,0,0,0,0,0,0,0,0,0,0,0,0,0,0,0,0,0,0,0,0,0,0,0,0,0,0,0,0,0,0,0,0,0,0,0,0,0,0,0,0,0,0,0,0,0,0,0,0,0,0,0,0,0,0,0,0,0,0,0,0,0,0,0,0,0,0,0,0,0,0,0,0,0,0,0,0,0,0,0,0,0,0,0,0,0,0,0,0,0,0,0,0,0,0,0,0,0,0,0,0,0,0,0,0,0,0,0,0
0.013215859030837,0.0283896231032795,0.0616740088105727,0.100342633382281,0.127263827704356,0.125305922662751,0.113069016152717,0.0954478707782673,0.0685266764561919,0.0592266275085658,0.0416054821341165,0.0332843857072932,0.0259422418012726,0.0254527655408713,0.0117474302496329,0.0117474302496329,0.00685266764561919,0.00587371512481645,0.0048947626040137,0.00391581008321096,0.00244738130200685,0.00146842878120411,0.000978952520802741,0.00734214390602056,0.00146842878120411,0.000978952520802741,0.00195790504160548,0.000978952520802741,0.00244738130200685,0.00146842878120411,0.00146842878120411,0.000978952520802741,0.00195790504160548,0.000978952520802741,0.000978952520802741,0,0,0.000978952520802741,0.000489476260401371,0.000489476260401371,0.000978952520802741,0.000489476260401371,0,0,0.000978952520802741,0,0,0,0,0,0.000489476260401371,0,0.000489476260401371,0,0,0,0.000489476260401371,0.000489476260401371,0.000489476260401371,0,0,0,0,0.000489476260401371,0,0.000489476260401371,0,0,0,0,0,0.000489476260401371,0,0,0,0,0,0,0,0,0,0,0,0,0,0,0,0,0,0,0,0,0,0,0,0,0,0,0,0,0,0,0,0,0,0,0,0,0,0,0,0,0,0,0,0,0,0,0,0,0,0,0,0,0,0,0,0,0,0,0,0,0,0,0,0,0,0,0,0,0,0,0,0,0,0,0,0,0,0,0,0,0,0,0,0,0,0,0,0,0,0,0,0,0,0,0,0,0,0,0,0,0,0,0,0,0,0,0,0,0,0,0,0,0,0,0,0,0,0,0,0,0,0,0,0,0,0,0,0
0.00985221674876847,0.0270935960591133,0.0738916256157636,0.1,0.131527093596059,0.119704433497537,0.110837438423645,0.107881773399015,0.0699507389162562,0.0502463054187192,0.0458128078817734,0.0270935960591133,0.0221674876847291,0.0133004926108374,0.0133004926108374,0.0123152709359606,0.00640394088669951,0.0083743842364532,0.00689655172413793,0.00443349753694581,0.00344827586206897,0.00492610837438424,0.00344827586206897,0.00246305418719212,0.00295566502463054,0.00147783251231527,0.000492610837438424,0.000985221674876847,0.000985221674876847,0.00197044334975369,0.000985221674876847,0.000492610837438424,0.00147783251231527,0.00197044334975369,0.000985221674876847,0,0.000985221674876847,0.000985221674876847,0,0,0,0.000492610837438424,0.000492610837438424,0.000492610837438424,0,0.000985221674876847,0,0.000492610837438424,0,0,0.000492610837438424,0,0.000492610837438424,0,0,0,0.000492610837438424,0,0,0,0.00147783251231527,0.000492610837438424,0.000492610837438424,0,0,0,0,0,0,0,0,0.000492610837438424,0.000492610837438424,0,0,0,0,0,0,0,0,0,0,0,0,0,0,0,0,0,0,0,0,0,0,0,0,0,0,0,0,0,0,0,0,0,0,0,0,0,0,0,0,0,0,0,0,0,0,0,0,0,0,0,0,0,0,0,0,0,0,0,0,0,0,0,0,0,0,0,0,0,0,0,0,0,0,0,0,0,0,0,0,0,0,0,0,0,0,0,0,0,0,0,0,0,0,0,0,0,0,0,0,0,0,0,0,0,0,0,0,0,0,0,0,0,0,0,0,0,0,0,0,0,0,0,0,0,0,0
0.0153846153846154,0.0287841191066998,0.0739454094292804,0.0977667493796526,0.120099255583127,0.130521091811414,0.128039702233251,0.0883374689826303,0.0709677419354839,0.0570719602977667,0.0372208436724566,0.0277915632754342,0.0188585607940447,0.0148883374689826,0.0129032258064516,0.00942928039702233,0.0114143920595534,0.00595533498759305,0.00595533498759305,0.00595533498759305,0.00645161290322581,0.00248138957816377,0.00297766749379653,0.000992555831265509,0.00248138957816377,0.00198511166253102,0.00248138957816377,0.00297766749379653,0.00148883374689826,0.000496277915632754,0.00148883374689826,0.000496277915632754,0.000992555831265509,0.000496277915632754,0.000496277915632754,0.00148883374689826,0.000496277915632754,0,0.000992555831265509,0.000496277915632754,0,0.000496277915632754,0,0,0.000992555831265509,0.000496277915632754,0.000496277915632754,0.000496277915632754,0,0,0,0,0.000496277915632754,0.000496277915632754,0.000496277915632754,0.000496277915632754,0.000496277915632754,0,0,0,0,0.000496277915632754,0,0.000496277915632754,0,0,0,0,0,0,0,0,0,0,0,0,0,0,0,0,0,0,0,0,0,0,0,0,0,0,0,0,0,0,0,0,0,0,0,0,0,0,0,0,0,0,0,0,0,0,0,0,0,0,0,0,0,0,0,0,0,0,0,0,0,0,0,0,0,0,0,0,0,0,0,0,0,0,0,0,0,0,0,0,0,0,0,0,0,0,0,0,0,0,0,0,0,0,0,0,0,0,0,0,0,0,0,0,0,0,0,0,0,0,0,0,0,0,0,0,0,0,0,0,0,0,0,0,0,0,0,0,0,0,0,0,0,0,0,0
0.0140096618357488,0.0285024154589372,0.057487922705314,0.0956521739130435,0.121739130434783,0.138164251207729,0.118840579710145,0.093719806763285,0.0777777777777778,0.0603864734299517,0.0420289855072464,0.0294685990338164,0.0193236714975845,0.014975845410628,0.0173913043478261,0.0120772946859903,0.00821256038647343,0.00579710144927536,0.00531400966183575,0.00289855072463768,0.00289855072463768,0.00483091787439614,0.00483091787439614,0.000966183574879227,0.00241545893719807,0.000966183574879227,0.00241545893719807,0.00193236714975845,0.000483091787439614,0.000966183574879227,0.00193236714975845,0,0.000966183574879227,0.00193236714975845,0.000966183574879227,0.000483091787439614,0.000966183574879227,0.000966183574879227,0.000483091787439614,0.00193236714975845,0.000483091787439614,0,0,0,0.000483091787439614,0,0,0,0,0,0,0,0.000966183574879227,0,0,0,0,0,0,0,0,0,0,0,0,0,0,0,0.000483091787439614,0.000483091787439614,0,0,0,0,0,0,0,0,0,0,0,0,0,0,0,0,0,0,0,0,0,0,0,0,0,0,0,0,0,0,0,0,0,0,0,0,0,0,0,0,0,0,0,0,0,0,0,0,0,0,0,0,0,0,0,0,0,0,0,0,0,0,0,0,0,0,0,0,0,0,0,0,0,0,0,0,0,0,0,0,0,0,0,0,0,0,0,0,0,0,0,0,0,0,0,0,0,0,0,0,0,0,0,0,0,0,0,0,0,0,0,0,0,0,0,0,0,0,0,0,0,0,0,0,0,0,0,0,0,0
0.0126891166422645,0.0302586627623231,0.0595412396290874,0.0922401171303075,0.118106393362616,0.132259638848219,0.117130307467057,0.101024890190337,0.0766227428013665,0.0517325524646169,0.0439238653001464,0.0317227916056613,0.0292825768667643,0.0141532454856027,0.0141532454856027,0.0102489019033675,0.00683260126891166,0.00780868716447047,0.00683260126891166,0.00634455832113226,0.00683260126891166,0.00292825768667643,0.000488042947779405,0.00341630063445583,0.00146412884333821,0.00195217179111762,0.00146412884333821,0.00195217179111762,0.00146412884333821,0.00146412884333821,0.00146412884333821,0.00244021473889702,0.00146412884333821,0.000976085895558809,0.000488042947779405,0.000976085895558809,0.000488042947779405,0.000488042947779405,0,0.000488042947779405,0.000488042947779405,0.000488042947779405,0.000488042947779405,0,0,0,0,0,0,0,0,0,0,0.000488042947779405,0,0,0,0,0.000488042947779405,0.000976085895558809,0,0,0.000488042947779405,0,0,0,0,0.000488042947779405,0,0,0,0,0,0,0,0,0,0,0,0,0,0,0,0,0,0,0,0,0,0,0,0,0,0,0,0,0,0,0,0,0,0,0,0,0,0,0,0,0,0,0,0,0,0,0,0,0,0,0,0,0,0,0,0,0,0,0,0,0,0,0,0,0,0,0,0,0,0,0,0,0,0,0,0,0,0,0,0,0,0,0,0,0,0,0,0,0,0,0,0,0,0,0,0,0,0,0,0,0,0,0,0,0,0,0,0,0,0,0,0,0,0,0,0,0,0,0,0,0,0,0,0,0,0,0,0,0,0,0,0
0.0167735569807597,0.0236803157375432,0.0631475086334485,0.0952146028613715,0.116921558954119,0.123828317710903,0.122841637888505,0.105574740996547,0.0799210656142082,0.056240749876665,0.048347311297484,0.029600394671929,0.0177602368031574,0.0167735569807597,0.00986679822397632,0.0118401578687716,0.00789343857918106,0.00592007893438579,0.00542673902318698,0.00493339911198816,0.00197335964479526,0.00246669955599408,0.000986679822397632,0.00444005920078934,0.00246669955599408,0.00197335964479526,0.0029600394671929,0.000986679822397632,0.00148001973359645,0.0029600394671929,0.000493339911198816,0.00246669955599408,0.00197335964479526,0,0,0,0.000986679822397632,0,0,0,0,0.000493339911198816,0.000493339911198816,0.000986679822397632,0.000986679822397632,0.000493339911198816,0.000493339911198816,0.000493339911198816,0,0.000493339911198816,0,0.000493339911198816,0,0,0.000493339911198816,0.000986679822397632,0,0.000986679822397632,0,0,0,0,0,0,0,0,0,0,0,0.000493339911198816,0,0,0.000493339911198816,0,0,0,0,0,0,0,0,0,0,0,0,0,0,0,0,0,0,0,0,0,0,0,0,0,0,0,0,0,0,0,0,0,0,0,0,0,0,0,0,0,0,0,0,0,0,0,0,0,0,0,0,0,0,0,0,0,0,0,0,0,0,0,0,0,0,0,0,0,0,0,0,0,0,0,0,0,0,0,0,0,0,0,0,0,0,0,0,0,0,0,0,0,0,0,0,0,0,0,0,0,0,0,0,0,0,0,0,0,0,0,0,0,0,0,0,0,0,0,0,0,0,0,0,0,0,0
0.0107003891050584,0.0291828793774319,0.0666342412451362,0.0928988326848249,0.124027237354086,0.117704280155642,0.119649805447471,0.105544747081712,0.0787937743190661,0.0549610894941634,0.0432879377431907,0.0272373540856031,0.0189688715953307,0.0165369649805447,0.0165369649805447,0.00778210116731518,0.01215953307393,0.00729571984435798,0.00340466926070039,0.00583657587548638,0.00389105058365759,0.00340466926070039,0.00535019455252918,0.00389105058365759,0.00291828793774319,0.00437743190661479,0.000486381322957198,0.000972762645914397,0.0014591439688716,0.000486381322957198,0.000972762645914397,0.000486381322957198,0.0014591439688716,0.0014591439688716,0.000486381322957198,0.000972762645914397,0,0,0.00243190661478599,0.0014591439688716,0,0.000486381322957198,0.000486381322957198,0.000486381322957198,0.000486381322957198,0.000486381322957198,0,0.000486381322957198,0.000486381322957198,0.000486381322957198,0,0,0,0,0,0,0,0,0,0,0,0,0,0,0,0,0,0,0,0,0,0,0,0,0,0,0,0,0,0,0,0,0,0,0,0,0,0,0,0,0,0,0,0,0,0,0,0,0,0,0,0,0,0,0,0,0,0,0,0,0,0,0,0,0,0,0,0,0,0,0,0,0,0,0,0,0,0,0,0,0,0,0,0,0,0,0,0,0,0,0,0,0,0,0,0,0,0,0,0,0,0,0,0,0,0,0,0,0,0,0,0,0,0,0,0,0,0,0,0,0,0,0,0,0,0,0,0,0,0,0,0,0,0,0,0,0,0,0,0,0,0,0,0,0,0,0,0,0,0
0.0133795837462834,0.033201189296333,0.0555004955401388,0.0981169474727453,0.124876114965312,0.1199207135778,0.113974231912785,0.0936570862239841,0.0842418235877106,0.0589692765113974,0.0401387512388503,0.0371655104063429,0.0272547076313181,0.0193260654112983,0.0118929633300297,0.0113974231912785,0.00991080277502478,0.00545094152626363,0.00545094152626363,0.00346878097125867,0.00346878097125867,0.00148662041625372,0.00247770069375619,0.00545094152626363,0.000991080277502478,0.00198216055500496,0.00247770069375619,0.00148662041625372,0.00148662041625372,0.00297324083250743,0.000991080277502478,0.000495540138751239,0.000495540138751239,0.000495540138751239,0,0.000991080277502478,0,0,0.000495540138751239,0.000495540138751239,0,0,0,0,0.000495540138751239,0.000495540138751239,0.000495540138751239,0.000495540138751239,0,0.000495540138751239,0.000495540138751239,0,0,0,0,0,0,0,0,0,0,0.000495540138751239,0,0.000495540138751239,0,0,0,0,0,0,0,0,0,0,0,0,0,0,0,0,0,0,0,0,0,0,0,0,0,0,0,0,0,0,0,0,0,0,0,0,0,0,0,0,0,0,0,0,0,0,0,0,0,0,0,0,0,0,0,0,0,0,0,0,0,0,0,0,0,0,0,0,0,0,0,0,0,0,0,0,0,0,0,0,0,0,0,0,0,0,0,0,0,0,0,0,0,0,0,0,0,0,0,0,0,0,0,0,0,0,0,0,0,0,0,0,0,0,0,0,0,0,0,0,0,0,0,0,0,0,0,0,0,0,0,0,0,0,0,0
0.0166666666666667,0.028921568627451,0.0617647058823529,0.102450980392157,0.11078431372549,0.129901960784314,0.122549019607843,0.0906862745098039,0.0696078431372549,0.0622549019607843,0.0465686274509804,0.032843137254902,0.0254901960784314,0.0176470588235294,0.0102941176470588,0.00735294117647059,0.00784313725490196,0.0053921568627451,0.00588235294117647,0.00245098039215686,0.0053921568627451,0.00490196078431373,0.00441176470588235,0.00196078431372549,0.00294117647058824,0.00196078431372549,0.000980392156862745,0.00147058823529412,0.000980392156862745,0.00294117647058824,0.000980392156862745,0.000980392156862745,0.000980392156862745,0.000490196078431373,0.00147058823529412,0.000490196078431373,0.00147058823529412,0,0.000980392156862745,0,0.000490196078431373,0.000490196078431373,0,0.000490196078431373,0.000490196078431373,0.000490196078431373,0.000490196078431373,0,0.000490196078431373,0,0,0.000490196078431373,0,0.000490196078431373,0.000490196078431373,0,0.000490196078431373,0,0,0.000980392156862745,0,0,0,0,0,0,0.000490196078431373,0,0,0,0,0,0,0,0,0,0,0,0,0,0,0,0,0,0,0,0,0,0,0,0,0,0,0,0,0,0,0,0,0,0,0,0,0,0,0,0,0,0,0,0,0,0,0,0,0,0,0,0,0,0,0,0,0,0,0,0,0,0,0,0,0,0,0,0,0,0,0,0,0,0,0,0,0,0,0,0,0,0,0,0,0,0,0,0,0,0,0,0,0,0,0,0,0,0,0,0,0,0,0,0,0,0,0,0,0,0,0,0,0,0,0,0,0,0,0,0,0,0,0,0,0,0,0,0,0,0,0,0,0
0.00745897563401293,0.0308304326205868,0.0666335156638488,0.105420188960716,0.125808055693685,0.119840875186474,0.114370959721532,0.0919940328194928,0.0770760815514669,0.0616608652411735,0.0497265042267529,0.0293386374937842,0.0213823968175037,0.0119343610144207,0.0124316260566882,0.0104425658876181,0.00895077076081552,0.00497265042267529,0.00646444554947787,0.00646444554947787,0.00298359025360517,0.00397812033814023,0.0034808552958727,0.00198906016907011,0.00149179512680259,0.000994530084535057,0.00198906016907011,0.00397812033814023,0.000994530084535057,0.000497265042267529,0.00298359025360517,0.00149179512680259,0.000497265042267529,0.000497265042267529,0.000497265042267529,0.000497265042267529,0.000497265042267529,0.000994530084535057,0.000994530084535057,0,0,0,0.000994530084535057,0,0.000497265042267529,0,0,0,0.000497265042267529,0,0,0.000497265042267529,0,0,0,0.000497265042267529,0.000994530084535057,0,0,0,0.000497265042267529,0,0,0,0,0,0,0,0,0.000497265042267529,0,0.000497265042267529,0,0,0,0,0,0,0,0,0,0,0,0,0,0,0,0,0,0,0,0,0,0,0,0,0,0,0,0,0,0,0,0,0,0,0,0,0,0,0,0,0,0,0,0,0,0,0,0,0,0,0,0,0,0,0,0,0,0,0,0,0,0,0,0,0,0,0,0,0,0,0,0,0,0,0,0,0,0,0,0,0,0,0,0,0,0,0,0,0,0,0,0,0,0,0,0,0,0,0,0,0,0,0,0,0,0,0,0,0,0,0,0,0,0,0,0,0,0,0,0,0,0,0,0,0,0,0,0
0.0142506142506142,0.0314496314496314,0.0658476658476659,0.0943488943488943,0.130712530712531,0.124815724815725,0.107616707616708,0.105159705159705,0.0751842751842752,0.0594594594594595,0.0417690417690418,0.0348894348894349,0.0176904176904177,0.0162162162162162,0.0108108108108108,0.00737100737100737,0.0058968058968059,0.00786240786240786,0.00442260442260442,0.00638820638820639,0.00540540540540541,0.00245700245700246,0.000982800982800983,0.00393120393120393,0.00245700245700246,0.00294840294840295,0.00245700245700246,0.00196560196560197,0.000491400491400491,0.000982800982800983,0.000982800982800983,0.000982800982800983,0.000982800982800983,0.00196560196560197,0,0.000982800982800983,0.000491400491400491,0.00147420147420147,0.00147420147420147,0,0.000982800982800983,0,0,0,0,0.000982800982800983,0,0,0,0.000491400491400491,0,0,0,0.000491400491400491,0,0,0.000491400491400491,0,0,0,0,0,0,0,0,0,0,0,0,0.000491400491400491,0,0.000491400491400491,0,0,0,0,0,0,0,0,0,0,0,0,0,0,0,0,0,0,0,0,0,0,0,0,0,0,0,0,0,0,0,0,0,0,0,0,0,0,0,0,0,0,0,0,0,0,0,0,0,0,0,0,0,0,0,0,0,0,0,0,0,0,0,0,0,0,0,0,0,0,0,0,0,0,0,0,0,0,0,0,0,0,0,0,0,0,0,0,0,0,0,0,0,0,0,0,0,0,0,0,0,0,0,0,0,0,0,0,0,0,0,0,0,0,0,0,0,0,0,0,0,0,0,0,0,0,0,0
0.017258382642998,0.029585798816568,0.0621301775147929,0.0966469428007889,0.1267258382643,0.126232741617357,0.117850098619329,0.102564102564103,0.0769230769230769,0.0567061143984221,0.0404339250493097,0.0330374753451677,0.0212031558185404,0.0113412228796844,0.0118343195266272,0.0103550295857988,0.00739644970414201,0.00443786982248521,0.00542406311637081,0.00591715976331361,0.00443786982248521,0.0019723865877712,0.00345167652859961,0.000493096646942801,0.0029585798816568,0.0014792899408284,0.002465483234714,0.000493096646942801,0.000986193293885602,0.000493096646942801,0.000986193293885602,0.0029585798816568,0.0019723865877712,0.000986193293885602,0,0.000986193293885602,0.000493096646942801,0.000493096646942801,0.000493096646942801,0,0.000493096646942801,0,0,0.000986193293885602,0.000493096646942801,0.000493096646942801,0.000493096646942801,0.000493096646942801,0.000986193293885602,0.000493096646942801,0.000493096646942801,0.000493096646942801,0,0,0,0,0.000493096646942801,0,0,0,0.000493096646942801,0,0,0,0,0,0,0,0,0,0,0,0,0,0,0,0,0.000493096646942801,0,0,0,0,0,0,0,0,0,0,0,0,0,0,0,0,0,0,0,0,0,0,0,0,0,0,0,0,0,0,0,0,0,0,0,0,0,0,0,0,0,0,0,0,0,0,0,0,0,0,0,0,0,0,0,0,0,0,0,0,0,0,0,0,0,0,0,0,0,0,0,0,0,0,0,0,0,0,0,0,0,0,0,0,0,0,0,0,0,0,0,0,0,0,0,0,0,0,0,0,0,0,0,0,0,0,0,0,0,0,0,0,0,0,0,0,0,0,0,0,0,0
0.0133995037220844,0.0367245657568238,0.0635235732009926,0.0952853598014888,0.125558312655087,0.116625310173697,0.120595533498759,0.0947890818858561,0.0684863523573201,0.0630272952853598,0.0377171215880893,0.0332506203473945,0.0312655086848635,0.0163771712158809,0.0124069478908189,0.00942928039702233,0.0054590570719603,0.0054590570719603,0.00595533498759305,0.00595533498759305,0.00297766749379653,0.00397022332506203,0.00297766749379653,0.00397022332506203,0.00198511166253102,0.00198511166253102,0.00297766749379653,0.00148883374689826,0.00198511166253102,0.000992555831265509,0.00148883374689826,0.000992555831265509,0.000496277915632754,0.000992555831265509,0.000496277915632754,0.00148883374689826,0.000496277915632754,0,0.000496277915632754,0.000496277915632754,0,0.000992555831265509,0,0,0,0.000992555831265509,0,0.000992555831265509,0,0,0,0.000496277915632754,0.000992555831265509,0,0,0,0.000992555831265509,0,0,0.000496277915632754,0,0,0,0,0,0,0,0,0,0,0,0,0,0,0,0,0,0,0,0,0,0,0,0,0,0,0,0,0,0,0,0,0,0,0,0,0,0,0,0,0,0,0,0,0,0,0,0,0,0,0,0,0,0,0,0,0,0,0,0,0,0,0,0,0,0,0,0,0,0,0,0,0,0,0,0,0,0,0,0,0,0,0,0,0,0,0,0,0,0,0,0,0,0,0,0,0,0,0,0,0,0,0,0,0,0,0,0,0,0,0,0,0,0,0,0,0,0,0,0,0,0,0,0,0,0,0,0,0,0,0,0,0,0,0,0,0,0,0,0
0.0163528245787909,0.0222993062438057,0.0673934588701685,0.0936570862239841,0.121902874132805,0.118929633300297,0.125867195242815,0.0941526263627354,0.0827552031714569,0.054013875123885,0.0421209117938553,0.0411298315163528,0.0232903865213082,0.0153617443012884,0.0133795837462834,0.0064420218037661,0.00693756194251734,0.00941526263627354,0.00396432111000991,0.00495540138751239,0.00346878097125867,0.00198216055500496,0.00198216055500496,0.00495540138751239,0.00346878097125867,0,0.00148662041625372,0.00247770069375619,0,0.00148662041625372,0.00148662041625372,0.00148662041625372,0.00247770069375619,0.000991080277502478,0.000991080277502478,0,0,0.000495540138751239,0,0.000495540138751239,0.00148662041625372,0,0.000991080277502478,0.000495540138751239,0,0,0,0.000495540138751239,0,0,0.000495540138751239,0,0,0.000495540138751239,0.000495540138751239,0,0,0,0,0,0,0,0,0,0,0,0,0.000495540138751239,0,0,0,0.000495540138751239,0,0,0,0,0,0,0,0,0,0,0,0,0,0,0,0,0,0,0,0,0,0,0,0,0,0,0,0,0,0,0,0,0,0,0,0,0,0,0,0,0,0,0,0,0,0,0,0,0,0,0,0,0,0,0,0,0,0,0,0,0,0,0,0,0,0,0,0,0,0,0,0,0,0,0,0,0,0,0,0,0,0,0,0,0,0,0,0,0,0,0,0,0,0,0,0,0,0,0,0,0,0,0,0,0,0,0,0,0,0,0,0,0,0,0,0,0,0,0,0,0,0,0,0,0,0,0,0
0.0128015755785327,0.0260955194485475,0.0551452486459872,0.0935499753815854,0.129492860659774,0.124569177744953,0.110782865583456,0.0950270802560315,0.0777941900541605,0.0654849827671098,0.0492368291482029,0.03397341211226,0.0211718365337272,0.017725258493353,0.0147710487444609,0.0132939438700148,0.00886262924667651,0.00738552437223043,0.00492368291482029,0.00492368291482029,0.00295420974889217,0.00147710487444609,0.00295420974889217,0.00147710487444609,0.00147710487444609,0.00196947316592811,0.00246184145741014,0.000984736582964057,0.00147710487444609,0.00246184145741014,0.00147710487444609,0.000492368291482029,0.000984736582964057,0.00147710487444609,0.00147710487444609,0.000984736582964057,0.000984736582964057,0.000492368291482029,0,0,0,0.00196947316592811,0.000492368291482029,0.000492368291482029,0,0,0,0.000492368291482029,0,0,0.000492368291482029,0,0,0,0.000492368291482029,0.000492368291482029,0,0,0,0,0,0,0,0,0,0,0,0,0,0,0,0,0,0,0,0,0,0,0,0,0,0,0,0,0,0,0,0,0,0,0,0,0,0,0,0,0,0,0,0,0,0,0,0,0,0,0,0,0,0,0,0,0,0,0,0,0,0,0,0,0,0,0,0,0,0,0,0,0,0,0,0,0,0,0,0,0,0,0,0,0,0,0,0,0,0,0,0,0,0,0,0,0,0,0,0,0,0,0,0,0,0,0,0,0,0,0,0,0,0,0,0,0,0,0,0,0,0,0,0,0,0,0,0,0,0,0,0,0,0,0,0,0,0,0,0,0,0,0,0
0.0128015755785327,0.0428360413589365,0.0625307730182176,0.0979812900049237,0.115214180206795,0.126046282619399,0.116691285081241,0.0886262924667651,0.0704086656819301,0.0556376169374692,0.0526834071885771,0.0280649926144756,0.0260955194485475,0.0211718365337272,0.0103397341211226,0.0123092072870507,0.00738552437223043,0.00787789266371246,0.00393894633185623,0.00443131462333826,0.00492368291482029,0.00246184145741014,0.00492368291482029,0.00196947316592811,0.00295420974889217,0.00196947316592811,0.00196947316592811,0.000492368291482029,0.00147710487444609,0.000492368291482029,0.00147710487444609,0.000984736582964057,0.00196947316592811,0.000492368291482029,0.000984736582964057,0.000984736582964057,0,0.000984736582964057,0,0.000492368291482029,0.000492368291482029,0.00147710487444609,0.000492368291482029,0,0,0.000492368291482029,0,0.000492368291482029,0.000492368291482029,0,0,0,0,0,0,0,0,0,0,0,0.000492368291482029,0,0,0,0,0,0,0,0,0,0,0,0,0,0,0,0,0.000492368291482029,0,0,0,0,0,0,0,0,0,0,0,0,0,0,0,0,0,0,0,0,0,0,0,0,0,0,0,0,0,0,0,0,0,0,0,0,0,0,0,0,0,0,0,0,0,0,0,0,0,0,0,0,0,0,0,0,0,0,0,0,0,0,0,0,0,0,0,0,0,0,0,0,0,0,0,0,0,0,0,0,0,0,0,0,0,0,0,0,0,0,0,0,0,0,0,0,0,0,0,0,0,0,0,0,0,0,0,0,0,0,0,0,0,0,0,0,0,0,0,0,0,0
0.0129740518962076,0.0294411177644711,0.0643712574850299,0.0973053892215569,0.133233532934132,0.1187624750499,0.12874251497006,0.100299401197605,0.06187624750499,0.0568862275449102,0.0424151696606786,0.0284431137724551,0.0189620758483034,0.0159680638722555,0.0104790419161677,0.00748502994011976,0.00748502994011976,0.00998003992015968,0.00798403193612774,0.00898203592814371,0.00648702594810379,0.00349301397205589,0.00399201596806387,0.00149700598802395,0.00349301397205589,0.00249500998003992,0.000499001996007984,0.00249500998003992,0.00249500998003992,0.000998003992015968,0.000998003992015968,0.000499001996007984,0,0.000499001996007984,0.000499001996007984,0.000998003992015968,0.000499001996007984,0,0.000499001996007984,0,0,0.000499001996007984,0.000499001996007984,0,0.000499001996007984,0,0,0,0,0,0,0,0,0,0.000499001996007984,0.000499001996007984,0,0,0,0.000499001996007984,0,0,0,0,0,0.000499001996007984,0,0,0.000998003992015968,0,0,0,0,0.000499001996007984,0,0,0,0.000499001996007984,0,0,0,0,0,0,0,0,0,0,0,0,0,0,0,0,0,0,0,0,0,0,0,0,0,0,0,0,0,0,0,0,0,0,0,0,0,0,0,0,0,0,0,0,0,0,0,0,0,0,0,0,0,0,0,0,0,0,0,0,0,0,0,0,0,0,0,0,0,0,0,0,0,0,0,0,0,0,0,0,0,0,0,0,0,0,0,0,0,0,0,0,0,0,0,0,0,0,0,0,0,0,0,0,0,0,0,0,0,0,0,0,0,0,0,0,0,0,0,0,0,0
0.011828486939379,0.0261212419911286,0.0606209955643174,0.10990635781173,0.119270576638738,0.12419911286348,0.109413504189256,0.103006407097092,0.0798422868408083,0.059142434696895,0.0384425825529818,0.0349926071956629,0.0251355347461804,0.0177427304090685,0.0133070478068014,0.007885657959586,0.00689995071463775,0.0059142434696895,0.00492853622474125,0.003942828979793,0.0059142434696895,0.00492853622474125,0.00098570724494825,0.00246426811237063,0.00246426811237063,0.0019714144898965,0.00295712173484475,0.00147856086742238,0.00098570724494825,0.00098570724494825,0.00098570724494825,0.00098570724494825,0.00147856086742238,0.000492853622474125,0,0.0019714144898965,0.000492853622474125,0,0,0,0,0.000492853622474125,0.000492853622474125,0.000492853622474125,0.00098570724494825,0.000492853622474125,0,0,0.000492853622474125,0,0,0,0,0,0.000492853622474125,0,0,0,0.000492853622474125,0,0.000492853622474125,0,0,0,0,0,0.000492853622474125,0,0,0,0.000492853622474125,0,0,0,0,0,0,0,0,0,0,0,0,0,0,0,0,0,0,0,0,0,0,0,0,0,0,0,0,0,0,0,0,0,0,0,0,0,0,0,0,0,0,0,0,0,0,0,0,0,0,0,0,0,0,0,0,0,0,0,0,0,0,0,0,0,0,0,0,0,0,0,0,0,0,0,0,0,0,0,0,0,0,0,0,0,0,0,0,0,0,0,0,0,0,0,0,0,0,0,0,0,0,0,0,0,0,0,0,0,0,0,0,0,0,0,0,0,0,0,0,0,0,0,0,0,0,0,0,0
0.0105633802816901,0.0271629778672032,0.0663983903420523,0.0960764587525151,0.116197183098592,0.124245472837022,0.117706237424547,0.0950704225352113,0.073943661971831,0.0598591549295775,0.0518108651911469,0.028672032193159,0.0241448692152917,0.017102615694165,0.0135814889336016,0.00955734406438632,0.00754527162977867,0.00905432595573441,0.00754527162977867,0.00503018108651911,0.00150905432595573,0.00150905432595573,0.00301810865191147,0.00402414486921529,0.00201207243460765,0.00301810865191147,0.00251509054325956,0.00150905432595573,0.00150905432595573,0.00201207243460765,0.0045271629778672,0,0.000503018108651912,0.000503018108651912,0.000503018108651912,0.00201207243460765,0.000503018108651912,0.000503018108651912,0.000503018108651912,0.00100603621730382,0,0.000503018108651912,0.000503018108651912,0.00100603621730382,0.000503018108651912,0,0,0,0,0,0.000503018108651912,0,0,0,0,0,0.000503018108651912,0,0,0,0,0.000503018108651912,0,0,0.000503018108651912,0,0,0,0,0,0,0,0,0,0,0.000503018108651912,0,0,0,0,0,0,0.000503018108651912,0,0,0,0,0,0,0,0,0,0,0,0,0,0,0,0,0,0,0,0,0,0,0,0,0,0,0,0,0,0,0,0,0,0,0,0,0,0,0,0,0,0,0,0,0,0,0,0,0,0,0,0,0,0,0,0,0,0,0,0,0,0,0,0,0,0,0,0,0,0,0,0,0,0,0,0,0,0,0,0,0,0,0,0,0,0,0,0,0,0,0,0,0,0,0,0,0,0,0,0,0,0,0,0,0,0,0,0,0,0,0,0,0,0,0,0,0
0.0125439036628199,0.0265930757651781,0.0667335674862017,0.0878073256397391,0.11138986452584,0.131460110386352,0.10235825388861,0.107375815353738,0.0767686904164576,0.0617160060210738,0.0516808830908179,0.0326141495233317,0.0331159056698445,0.0180632212744606,0.0115403913697943,0.00752634219769192,0.0095333667837431,0.00451580531861515,0.00602107375815354,0.00652282990466633,0.00301053687907677,0.00451580531861515,0.00200702458605118,0.00200702458605118,0.000501756146512795,0.00200702458605118,0.00100351229302559,0.00150526843953838,0.00150526843953838,0.00200702458605118,0.00200702458605118,0.00100351229302559,0.00100351229302559,0.00100351229302559,0.00150526843953838,0,0.00150526843953838,0.00100351229302559,0,0.000501756146512795,0.00100351229302559,0,0,0.000501756146512795,0,0,0.000501756146512795,0,0,0.000501756146512795,0,0,0,0,0.00100351229302559,0,0,0,0,0,0,0,0,0,0,0,0,0,0.000501756146512795,0,0,0.000501756146512795,0,0,0,0,0,0,0,0,0,0,0,0,0,0,0,0,0,0,0,0,0,0,0,0,0,0,0,0,0,0,0,0,0,0,0,0,0,0,0,0,0,0,0,0,0,0,0,0,0,0,0,0,0,0,0,0,0,0,0,0,0,0,0,0,0,0,0,0,0,0,0,0,0,0,0,0,0,0,0,0,0,0,0,0,0,0,0,0,0,0,0,0,0,0,0,0,0,0,0,0,0,0,0,0,0,0,0,0,0,0,0,0,0,0,0,0,0,0,0,0,0,0,0,0,0,0,0,0
0.0107684777288302,0.0337738619676946,0.0543318649045521,0.105237395986295,0.142437591776799,0.116005873715125,0.111111111111111,0.103279490944689,0.0680372001957905,0.0538423886441508,0.0411160058737151,0.0283896231032795,0.0254527655408713,0.0161527165932452,0.0151737640724425,0.00783162016642193,0.0102790014684288,0.00587371512481645,0.0048947626040137,0.00293685756240822,0.00734214390602056,0.00440528634361234,0.00342633382280959,0.00342633382280959,0.00244738130200685,0.00146842878120411,0.000978952520802741,0.00146842878120411,0.000978952520802741,0.00293685756240822,0.00244738130200685,0.00146842878120411,0.00146842878120411,0.000489476260401371,0.000489476260401371,0.000978952520802741,0.000489476260401371,0,0.000489476260401371,0.000489476260401371,0.000978952520802741,0,0,0.000489476260401371,0.000978952520802741,0,0.000978952520802741,0,0,0,0,0,0.000489476260401371,0,0,0.000489476260401371,0,0,0,0,0,0,0,0,0.000489476260401371,0,0,0,0,0,0,0.000489476260401371,0,0,0,0,0,0,0,0,0,0,0,0,0,0,0,0,0,0,0,0,0,0,0,0,0,0,0,0,0,0,0,0,0,0,0,0,0,0,0,0,0,0,0,0,0,0,0,0,0,0,0,0,0,0,0,0,0,0,0,0,0,0,0,0,0,0,0,0,0,0,0,0,0,0,0,0,0,0,0,0,0,0,0,0,0,0,0,0,0,0,0,0,0,0,0,0,0,0,0,0,0,0,0,0,0,0,0,0,0,0,0,0,0,0,0,0,0,0,0,0,0,0,0,0,0,0,0,0
0.0163204747774481,0.0272007912957468,0.0672601384767557,0.0964391691394659,0.124629080118694,0.121661721068249,0.130563798219585,0.0919881305637982,0.066271018793274,0.0539070227497527,0.043026706231454,0.0321463897131553,0.0257171117705242,0.0168150346191889,0.0113748763600396,0.0103857566765579,0.0123639960435213,0.00692383778437191,0.00593471810089021,0.00593471810089021,0.00247279920870425,0.0019782393669634,0.00247279920870425,0.00247279920870425,0.0019782393669634,0.0019782393669634,0.000989119683481701,0.0039564787339268,0.00148367952522255,0.000989119683481701,0.000494559841740851,0.000494559841740851,0,0.00148367952522255,0.0029673590504451,0.00148367952522255,0.000494559841740851,0.000989119683481701,0.000494559841740851,0,0,0.000989119683481701,0,0.000494559841740851,0,0,0.000494559841740851,0,0,0,0.000494559841740851,0,0,0,0,0,0.000494559841740851,0,0,0,0,0,0,0,0,0,0,0,0,0,0,0,0,0,0.000494559841740851,0,0,0,0,0,0,0,0,0,0,0,0,0,0,0,0,0,0,0,0,0,0,0,0,0,0,0,0,0,0,0,0,0,0,0,0,0,0,0,0,0,0,0,0,0,0,0,0,0,0,0,0,0,0,0,0,0,0,0,0,0,0,0,0,0,0,0,0,0,0,0,0,0,0,0,0,0,0,0,0,0,0,0,0,0,0,0,0,0,0,0,0,0,0,0,0,0,0,0,0,0,0,0,0,0,0,0,0,0,0,0,0,0,0,0,0,0,0,0,0,0,0,0,0,0
0.0153313550939664,0.0311572700296736,0.0672601384767557,0.104352126607319,0.125123639960435,0.114243323442137,0.102373887240356,0.100395647873393,0.0717111770524233,0.0603363006923838,0.0469831849653808,0.0306627101879327,0.0267062314540059,0.0187932739861523,0.00890207715133531,0.0118694362017804,0.0108803165182987,0.00939663699307616,0.0039564787339268,0.00445103857566766,0.00247279920870425,0.0019782393669634,0.00148367952522255,0.0039564787339268,0.0019782393669634,0.0019782393669634,0,0.0019782393669634,0,0.0029673590504451,0.000494559841740851,0.0019782393669634,0.0019782393669634,0.00148367952522255,0.000494559841740851,0.000989119683481701,0.000989119683481701,0.000989119683481701,0,0.000494559841740851,0.000494559841740851,0,0.000494559841740851,0,0.000494559841740851,0,0,0.000494559841740851,0,0.000989119683481701,0.000494559841740851,0,0,0,0.000494559841740851,0,0,0,0,0,0.000494559841740851,0.000494559841740851,0,0,0,0.000494559841740851,0.000494559841740851,0.000494559841740851,0,0,0,0,0,0,0,0,0,0,0,0,0,0,0,0,0,0,0,0,0,0,0,0,0,0,0,0,0,0,0,0,0,0,0,0,0,0,0,0,0,0,0,0,0,0,0,0,0,0,0,0,0,0,0,0,0,0,0,0,0,0,0,0,0,0,0,0,0,0,0,0,0,0,0,0,0,0,0,0,0,0,0,0,0,0,0,0,0,0,0,0,0,0,0,0,0,0,0,0,0,0,0,0,0,0,0,0,0,0,0,0,0,0,0,0,0,0,0,0,0,0,0,0,0,0,0,0,0,0,0,0
0.0113917781079742,0.0326894502228826,0.0747894997523526,0.110946012877662,0.12481426448737,0.128776622090144,0.100544824170381,0.0950965824665676,0.0693412580485389,0.0579494799405646,0.0391282813273898,0.033680039623576,0.016840019811788,0.0183259039128281,0.0133729569093611,0.0079247152055473,0.00842000990589401,0.00495294700346706,0.00445765230312036,0.00495294700346706,0.00544824170381377,0.00198117880138683,0.00445765230312036,0.00148588410104012,0.00346706290242694,0.00247647350173353,0.00198117880138683,0.000990589400693413,0.00247647350173353,0.000990589400693413,0.00148588410104012,0.00198117880138683,0.00198117880138683,0.000990589400693413,0.000495294700346706,0.00148588410104012,0.000495294700346706,0.000990589400693413,0,0.000495294700346706,0.000990589400693413,0.000495294700346706,0.00148588410104012,0,0,0,0,0,0,0,0,0,0,0.000495294700346706,0,0,0.000495294700346706,0,0,0,0,0,0,0,0,0,0,0,0,0,0,0,0.000495294700346706,0,0.000495294700346706,0,0,0.000495294700346706,0,0,0,0,0,0,0,0,0,0,0,0,0,0,0,0,0,0,0,0,0,0,0,0,0,0,0,0,0,0,0,0,0,0,0,0,0,0,0,0,0,0,0,0,0,0,0,0,0,0,0,0,0,0,0,0,0,0,0,0,0,0,0,0,0,0,0,0,0,0,0,0,0,0,0,0,0,0,0,0,0,0,0,0,0,0,0,0,0,0,0,0,0,0,0,0,0,0,0,0,0,0,0,0,0,0,0,0,0,0,0,0,0,0,0,0,0,0,0,0,0,0
0.0129611166500499,0.0264207377866401,0.0593220338983051,0.114157527417747,0.112163509471585,0.123130608175474,0.114656031904287,0.0982053838484546,0.0777666999002991,0.0608175473579262,0.0403788634097707,0.0324027916251246,0.0199401794616152,0.0174476570289133,0.0174476570289133,0.0129611166500499,0.00747756729810568,0.00797607178464606,0.00797607178464606,0.00498504486540379,0.00299102691924227,0.00149551345962114,0.00249252243270189,0.00199401794616152,0.00149551345962114,0.00299102691924227,0.000498504486540379,0.00149551345962114,0.000498504486540379,0.00149551345962114,0.000498504486540379,0.000997008973080758,0,0.000498504486540379,0,0.00149551345962114,0.00249252243270189,0.000997008973080758,0.000498504486540379,0.000498504486540379,0.000498504486540379,0,0.000498504486540379,0,0.000498504486540379,0,0,0.000498504486540379,0,0,0,0.000997008973080758,0.000498504486540379,0,0,0,0,0,0,0,0,0,0.000498504486540379,0,0,0,0,0,0,0,0.000997008973080758,0.000498504486540379,0,0.000498504486540379,0,0,0,0,0,0,0,0,0,0,0,0,0,0,0,0,0,0,0,0,0,0,0,0,0,0,0,0,0,0,0,0,0,0,0,0,0,0,0,0,0,0,0,0,0,0,0,0,0,0,0,0,0,0,0,0,0,0,0,0,0,0,0,0,0,0,0,0,0,0,0,0,0,0,0,0,0,0,0,0,0,0,0,0,0,0,0,0,0,0,0,0,0,0,0,0,0,0,0,0,0,0,0,0,0,0,0,0,0,0,0,0,0,0,0,0,0,0,0,0,0,0,0,0,0,0
0.0137053352912384,0.0254527655408713,0.0729319627998042,0.104747919725893,0.119432207537934,0.11062163485071,0.104747919725893,0.104258443465492,0.0748898678414097,0.0641213901125795,0.0372001957905042,0.0352422907488987,0.0274106705824767,0.0181106216348507,0.00978952520802741,0.00930004894762604,0.00538423886441508,0.0083210964268233,0.00636319138521782,0.00538423886441508,0.00391581008321096,0.00195790504160548,0.00587371512481645,0.00391581008321096,0.00244738130200685,0.00293685756240822,0.000978952520802741,0.00244738130200685,0.00195790504160548,0.00342633382280959,0.000489476260401371,0.00146842878120411,0.00146842878120411,0.000978952520802741,0.000489476260401371,0,0.00146842878120411,0,0.00146842878120411,0.000489476260401371,0.000489476260401371,0.000489476260401371,0,0.000489476260401371,0,0,0,0.000489476260401371,0,0,0.000489476260401371,0,0.000489476260401371,0,0,0,0.000489476260401371,0,0,0,0,0.000489476260401371,0,0,0,0,0,0,0,0,0.000489476260401371,0,0,0,0,0,0,0,0,0,0,0,0,0,0,0,0,0,0,0,0,0,0,0,0,0,0,0,0,0,0,0,0,0,0,0,0,0,0,0,0,0,0,0,0,0,0,0,0,0,0,0,0,0,0,0,0,0,0,0,0,0,0,0,0,0,0,0,0,0,0,0,0,0,0,0,0,0,0,0,0,0,0,0,0,0,0,0,0,0,0,0,0,0,0,0,0,0,0,0,0,0,0,0,0,0,0,0,0,0,0,0,0,0,0,0,0,0,0,0,0,0,0,0,0,0,0,0,0,0
0.0130120481927711,0.0293975903614458,0.0612048192771084,0.0978313253012048,0.123855421686747,0.131566265060241,0.11855421686747,0.0901204819277108,0.0828915662650602,0.0602409638554217,0.0448192771084337,0.0274698795180723,0.0178313253012048,0.0192771084337349,0.0125301204819277,0.00819277108433735,0.00674698795180723,0.00578313253012048,0.00626506024096386,0.00337349397590361,0.00337349397590361,0.00192771084337349,0.000963855421686747,0.00144578313253012,0.00192771084337349,0.00433734939759036,0.00144578313253012,0.00240963855421687,0.00192771084337349,0.00192771084337349,0.000481927710843373,0.00144578313253012,0.00192771084337349,0,0.00192771084337349,0.00144578313253012,0.000963855421686747,0.000481927710843373,0.00144578313253012,0.000963855421686747,0.000481927710843373,0.000481927710843373,0,0,0,0.000963855421686747,0.000481927710843373,0,0.000481927710843373,0,0.000481927710843373,0,0,0.000481927710843373,0.000481927710843373,0,0.000963855421686747,0,0,0,0.000481927710843373,0,0,0,0,0,0,0.000481927710843373,0,0,0,0,0,0,0,0,0,0,0,0,0,0,0,0,0,0,0,0,0,0,0,0,0,0,0,0,0,0,0,0,0,0,0,0,0,0,0,0,0,0,0,0,0,0,0,0,0,0,0,0,0,0,0,0,0,0,0,0,0,0,0,0,0,0,0,0,0,0,0,0,0,0,0,0,0,0,0,0,0,0,0,0,0,0,0,0,0,0,0,0,0,0,0,0,0,0,0,0,0,0,0,0,0,0,0,0,0,0,0,0,0,0,0,0,0,0,0,0,0,0,0,0,0,0,0,0,0,0,0,0
0.0165829145728643,0.0246231155778894,0.0603015075376884,0.092964824120603,0.126130653266332,0.115075376884422,0.122613065326633,0.0924623115577889,0.0819095477386935,0.0653266331658292,0.0386934673366834,0.0346733668341709,0.021608040201005,0.021608040201005,0.014070351758794,0.0115577889447236,0.00804020100502513,0.00301507537688442,0.00753768844221105,0.0050251256281407,0.00301507537688442,0.00301507537688442,0.00301507537688442,0.00351758793969849,0.00251256281407035,0.00150753768844221,0.00150753768844221,0.00201005025125628,0.00100502512562814,0.00100502512562814,0,0.00050251256281407,0.00100502512562814,0.00150753768844221,0.00050251256281407,0.00050251256281407,0.00050251256281407,0,0.00100502512562814,0.00050251256281407,0.00050251256281407,0,0.00050251256281407,0.00050251256281407,0,0,0,0.00201005025125628,0.00100502512562814,0,0,0,0.00100502512562814,0.00050251256281407,0,0,0.00050251256281407,0.00050251256281407,0,0,0,0.00050251256281407,0,0,0,0,0,0,0,0,0,0,0.00050251256281407,0,0,0,0,0,0,0,0,0,0,0,0,0,0,0,0,0,0,0,0,0,0,0,0,0,0,0,0,0,0,0,0,0,0,0,0,0,0,0,0,0,0,0,0,0,0,0,0,0,0,0,0,0,0,0,0,0,0,0,0,0,0,0,0,0,0,0,0,0,0,0,0,0,0,0,0,0,0,0,0,0,0,0,0,0,0,0,0,0,0,0,0,0,0,0,0,0,0,0,0,0,0,0,0,0,0,0,0,0,0,0,0,0,0,0,0,0,0,0,0,0,0,0,0,0,0,0
0.0130497825036249,0.0347994200096665,0.0618656355727405,0.102948284195263,0.115031416143064,0.126631222812953,0.121797970033833,0.0923151280811986,0.0686321894635089,0.0666988883518608,0.041082648622523,0.0285161913968101,0.0227162880618656,0.0178830352827453,0.0159497341710971,0.00724987916868052,0.00579990333494442,0.00773320444659256,0.00434992750120831,0.00579990333494442,0.00869985500241663,0,0.00241662638956017,0.00289995166747221,0.00289995166747221,0.00289995166747221,0.00193330111164814,0.00289995166747221,0.0014499758337361,0.00193330111164814,0.00096665055582407,0.00193330111164814,0,0.00096665055582407,0.000483325277912035,0.0014499758337361,0,0.000483325277912035,0.000483325277912035,0.00096665055582407,0.00096665055582407,0,0,0,0,0.000483325277912035,0,0,0.000483325277912035,0,0,0,0,0,0,0,0,0,0.000483325277912035,0,0,0.000483325277912035,0,0,0,0,0,0,0,0,0,0.000483325277912035,0,0,0,0,0,0,0,0,0,0,0,0,0,0,0,0,0,0,0,0,0,0,0,0,0,0,0,0,0,0,0,0,0,0,0,0,0,0,0,0,0,0,0,0,0,0,0,0,0,0,0,0,0,0,0,0,0,0,0,0,0,0,0,0,0,0,0,0,0,0,0,0,0,0,0,0,0,0,0,0,0,0,0,0,0,0,0,0,0,0,0,0,0,0,0,0,0,0,0,0,0,0,0,0,0,0,0,0,0,0,0,0,0,0,0,0,0,0,0,0,0,0,0,0,0,0,0,0
0.0113133300541072,0.0324643384161338,0.0565666502705362,0.100344318740777,0.129365469749139,0.130841121495327,0.123462862764388,0.0969011313330054,0.072798819478603,0.0659124446630595,0.0344318740777177,0.0309886866699459,0.0196753566158387,0.0177078209542548,0.0113133300541072,0.00983767830791933,0.00639449090014757,0.0073782587309395,0.0014756517461879,0.0014756517461879,0.00491883915395967,0.0029513034923758,0.00196753566158387,0.00491883915395967,0.0014756517461879,0.0029513034923758,0.00196753566158387,0.00245941957697983,0.0014756517461879,0,0.0014756517461879,0.000983767830791933,0.000983767830791933,0,0.000491883915395967,0.00196753566158387,0.000983767830791933,0,0.000491883915395967,0,0,0.000491883915395967,0,0.0014756517461879,0,0,0,0,0,0.000491883915395967,0,0.000491883915395967,0,0.000491883915395967,0,0.000491883915395967,0,0,0,0,0,0.000491883915395967,0.000491883915395967,0.000491883915395967,0,0,0,0,0,0,0.000491883915395967,0.000491883915395967,0,0,0,0,0,0,0,0.000491883915395967,0,0,0,0,0,0,0,0,0,0,0,0,0,0,0,0,0,0,0,0,0,0,0,0,0,0,0,0,0,0,0,0,0,0,0,0,0,0,0,0,0,0,0,0,0,0,0,0,0,0,0,0,0,0,0,0,0,0,0,0,0,0,0,0,0,0,0,0,0,0,0,0,0,0,0,0,0,0,0,0,0,0,0,0,0,0,0,0,0,0,0,0,0,0,0,0,0,0,0,0,0,0,0,0,0,0,0,0,0,0,0,0,0,0,0,0,0,0,0,0
0.0137863121614968,0.0265878877400295,0.051698670605613,0.0984736582964057,0.122599704579025,0.124569177744953,0.117183653372723,0.0999507631708518,0.085672082717873,0.0600689315608075,0.0418513047759724,0.0265878877400295,0.0290497291974397,0.0147710487444609,0.00886262924667651,0.0108321024126046,0.00787789266371246,0.00837026095519449,0.00443131462333826,0.00787789266371246,0.00443131462333826,0.00393894633185623,0.00246184145741014,0.00246184145741014,0.00196947316592811,0.00147710487444609,0.0034465780403742,0.000984736582964057,0.00196947316592811,0.00196947316592811,0.000984736582964057,0.000492368291482029,0.00196947316592811,0.000984736582964057,0,0.000492368291482029,0.000984736582964057,0.000492368291482029,0.000492368291482029,0,0.000984736582964057,0,0.000492368291482029,0,0.000492368291482029,0.000492368291482029,0.000492368291482029,0,0.000492368291482029,0,0,0.000492368291482029,0.000492368291482029,0.000492368291482029,0.000492368291482029,0,0.000492368291482029,0,0.000492368291482029,0,0,0,0,0,0,0,0,0,0,0.000492368291482029,0,0,0,0,0,0,0,0,0,0,0,0,0,0,0,0,0,0,0,0,0,0,0,0,0,0,0,0,0,0,0,0,0,0,0,0,0,0,0,0,0,0,0,0,0,0,0,0,0,0,0,0,0,0,0,0,0,0,0,0,0,0,0,0,0,0,0,0,0,0,0,0,0,0,0,0,0,0,0,0,0,0,0,0,0,0,0,0,0,0,0,0,0,0,0,0,0,0,0,0,0,0,0,0,0,0,0,0,0,0,0,0,0,0,0,0,0,0,0,0,0,0,0,0,0,0,0,0,0,0
0.0107737512242899,0.0328109696376102,0.0636630754162586,0.104309500489716,0.134182174338883,0.13026444662096,0.113124387855044,0.0905974534769834,0.0729676787463271,0.05435847208619,0.0435847208619001,0.0254652301665034,0.0244857982370225,0.019588638589618,0.0122428991185113,0.0122428991185113,0.00489715964740451,0.00636630754162586,0.00489715964740451,0.00146914789422135,0.00636630754162586,0.0029382957884427,0.00342801175318315,0.000489715964740451,0.00146914789422135,0.0039177277179236,0.000489715964740451,0.0019588638589618,0.00146914789422135,0.000979431929480901,0.00146914789422135,0.00146914789422135,0,0.000489715964740451,0.000979431929480901,0.000489715964740451,0,0,0,0.000979431929480901,0.000489715964740451,0,0,0,0.000489715964740451,0,0,0.000489715964740451,0,0,0.000489715964740451,0.000489715964740451,0.00146914789422135,0,0.000489715964740451,0.000489715964740451,0,0.000979431929480901,0,0,0.000489715964740451,0.0019588638589618,0,0,0,0,0,0,0,0,0,0,0,0,0,0,0,0,0,0,0,0,0,0,0,0,0,0,0,0,0,0,0,0,0,0,0,0,0,0,0,0,0,0,0,0,0,0,0,0,0,0,0,0,0,0,0,0,0,0,0,0,0,0,0,0,0,0,0,0,0,0,0,0,0,0,0,0,0,0,0,0,0,0,0,0,0,0,0,0,0,0,0,0,0,0,0,0,0,0,0,0,0,0,0,0,0,0,0,0,0,0,0,0,0,0,0,0,0,0,0,0,0,0,0,0,0,0,0,0,0,0,0,0,0,0,0,0,0,0
0.0093734583127775,0.0300937345831278,0.0577207696102615,0.0957079427725703,0.118894918598915,0.121361618154909,0.122348297977306,0.0981746423285644,0.080414405525407,0.0680809077454366,0.03749383325111,0.0266403552047361,0.0276270350271337,0.0148001973359645,0.0118401578687716,0.0103601381351751,0.0123334977799704,0.00838677849037987,0.00542673902318698,0.00444005920078934,0.00542673902318698,0.00345337937839171,0.00542673902318698,0.000986679822397632,0.00148001973359645,0.00197335964479526,0.00148001973359645,0.0029600394671929,0.000493339911198816,0.000493339911198816,0.00197335964479526,0.000986679822397632,0.00246669955599408,0.00148001973359645,0.000986679822397632,0.000493339911198816,0.00148001973359645,0.000986679822397632,0,0.000493339911198816,0,0,0.00148001973359645,0,0,0,0,0.000493339911198816,0.000493339911198816,0,0,0,0,0,0,0,0,0,0.000493339911198816,0,0,0,0,0,0,0,0,0,0,0,0,0,0,0,0,0,0,0,0,0,0,0,0,0,0,0,0,0,0,0,0,0,0,0,0,0,0,0,0,0,0,0,0,0,0,0,0,0,0,0,0,0,0,0,0,0,0,0,0,0,0,0,0,0,0,0,0,0,0,0,0,0,0,0,0,0,0,0,0,0,0,0,0,0,0,0,0,0,0,0,0,0,0,0,0,0,0,0,0,0,0,0,0,0,0,0,0,0,0,0,0,0,0,0,0,0,0,0,0,0,0,0,0,0,0,0,0,0,0,0,0,0,0,0,0,0,0,0,0,0
0.0194707938092861,0.0234648027958063,0.0629056415376935,0.114827758362456,0.118821767348977,0.136794807788318,0.112830753869196,0.0938592111832252,0.0673989016475287,0.0469296055916126,0.0429355966050924,0.0309535696455317,0.0239640539191213,0.0154767848227659,0.00948577134298552,0.00698951572641038,0.0129805292061907,0.00998502246630055,0.00499251123315027,0.0054917623564653,0.00399400898652022,0.00499251123315027,0.00299550673989016,0.00149775336994508,0.00349475786320519,0.00199700449326011,0.00299550673989016,0.00199700449326011,0.000998502246630055,0.00149775336994508,0.000998502246630055,0.000499251123315027,0.000499251123315027,0,0.000998502246630055,0.000998502246630055,0.000998502246630055,0,0.000499251123315027,0.000499251123315027,0.000499251123315027,0.00199700449326011,0.000499251123315027,0.000499251123315027,0.000499251123315027,0,0,0.000499251123315027,0,0.000998502246630055,0,0,0,0,0,0,0,0,0.000998502246630055,0.000499251123315027,0,0,0,0,0,0,0,0,0,0,0,0,0,0,0,0,0,0,0,0,0,0,0,0,0,0,0,0,0,0,0,0,0,0,0,0,0,0,0,0,0,0,0,0,0,0,0,0,0,0,0,0,0,0,0,0,0,0,0,0,0,0,0,0,0,0,0,0,0,0,0,0,0,0,0,0,0,0,0,0,0,0,0,0,0,0,0,0,0,0,0,0,0,0,0,0,0,0,0,0,0,0,0,0,0,0,0,0,0,0,0,0,0,0,0,0,0,0,0,0,0,0,0,0,0,0,0,0,0,0,0,0,0,0,0,0,0,0,0,0
0.0119402985074627,0.0308457711442786,0.0711442786069652,0.0955223880597015,0.118407960199005,0.128855721393035,0.107960199004975,0.0925373134328358,0.0711442786069652,0.0597014925373134,0.0437810945273632,0.0388059701492537,0.0238805970149254,0.0189054726368159,0.0149253731343284,0.0109452736318408,0.00447761194029851,0.00696517412935323,0.00348258706467662,0.00298507462686567,0.00646766169154229,0.00348258706467662,0.00298507462686567,0.00199004975124378,0.000497512437810945,0.00199004975124378,0.00199004975124378,0.00149253731343284,0.00099502487562189,0.00199004975124378,0.00248756218905473,0.00199004975124378,0.00149253731343284,0.00348258706467662,0.00099502487562189,0,0.00248756218905473,0.00099502487562189,0,0.000497512437810945,0,0,0,0,0,0,0,0.000497512437810945,0,0,0.000497512437810945,0.000497512437810945,0,0,0,0,0.000497512437810945,0.000497512437810945,0.00099502487562189,0,0,0,0,0,0,0.00099502487562189,0,0,0,0,0,0,0,0,0,0,0,0,0,0,0,0,0,0,0,0,0,0,0,0,0,0,0,0,0,0,0,0,0,0,0,0,0,0,0,0,0,0,0,0,0,0,0,0,0,0,0,0,0,0,0,0,0,0,0,0,0,0,0,0,0,0,0,0,0,0,0,0,0,0,0,0,0,0,0,0,0,0,0,0,0,0,0,0,0,0,0,0,0,0,0,0,0,0,0,0,0,0,0,0,0,0,0,0,0,0,0,0,0,0,0,0,0,0,0,0,0,0,0,0,0,0,0,0,0,0,0,0,0,0
0.0178129638792677,0.0242454230578921,0.0593765462642256,0.0964868876793667,0.120732310737259,0.122711528946066,0.125680356259278,0.0999505195447798,0.074220682830282,0.0608609599208313,0.0484908461157843,0.0262246412666997,0.0178129638792677,0.016328550222662,0.0173181593270658,0.0098960910440376,0.00544285007422068,0.00692726373082632,0.00346363186541316,0.00445324096981692,0.00445324096981692,0.00296882731321128,0.00346363186541316,0.0024740227610094,0.00395843641761504,0.0024740227610094,0.00197921820880752,0.00148441365660564,0,0.00148441365660564,0.00148441365660564,0.0024740227610094,0.00049480455220188,0.00148441365660564,0.00049480455220188,0,0,0.000989609104403761,0.00049480455220188,0.000989609104403761,0,0,0.00049480455220188,0.00049480455220188,0.00197921820880752,0.00049480455220188,0.00049480455220188,0.00049480455220188,0.00049480455220188,0,0.00049480455220188,0.00049480455220188,0.00049480455220188,0,0,0,0,0,0.00049480455220188,0,0,0,0,0,0.00049480455220188,0.00049480455220188,0,0,0,0,0,0,0,0,0,0,0,0,0,0,0,0,0,0,0,0,0,0,0,0,0,0,0,0,0,0,0,0,0,0,0,0,0,0,0,0,0,0,0,0,0,0,0,0,0,0,0,0,0,0,0,0,0,0,0,0,0,0,0,0,0,0,0,0,0,0,0,0,0,0,0,0,0,0,0,0,0,0,0,0,0,0,0,0,0,0,0,0,0,0,0,0,0,0,0,0,0,0,0,0,0,0,0,0,0,0,0,0,0,0,0,0,0,0,0,0,0,0,0,0,0,0,0,0,0,0,0,0,0,0
0.0138820029747149,0.0257808626673277,0.0644521566683193,0.0991571641051066,0.115518096182449,0.137332672285573,0.106098165592464,0.105602379771939,0.0743678730788299,0.060485870104115,0.0436291522062469,0.0317302925136341,0.0208230044620724,0.0168567178978681,0.0128904313336639,0.00793257312840853,0.0059494298463064,0.00743678730788299,0.00495785820525533,0.00198314328210213,0.00743678730788299,0.00694100148735746,0.00347050074367873,0.000991571641051066,0.00247892910262766,0.0014873574615766,0.000991571641051066,0.000991571641051066,0.00198314328210213,0.0014873574615766,0.0014873574615766,0.000991571641051066,0,0.0014873574615766,0.000495785820525533,0.000495785820525533,0,0.000495785820525533,0.0014873574615766,0,0,0.000495785820525533,0.000495785820525533,0.000495785820525533,0.000495785820525533,0.000991571641051066,0.000495785820525533,0.000991571641051066,0.000495785820525533,0,0.000495785820525533,0,0,0.000495785820525533,0.000495785820525533,0,0,0,0,0,0,0,0,0,0,0,0,0,0,0,0,0.0014873574615766,0,0,0,0,0,0,0,0,0,0,0,0,0,0,0,0,0,0,0,0,0,0,0,0,0,0,0,0,0,0,0,0,0,0,0,0,0,0,0,0,0,0,0,0,0,0,0,0,0,0,0,0,0,0,0,0,0,0,0,0,0,0,0,0,0,0,0,0,0,0,0,0,0,0,0,0,0,0,0,0,0,0,0,0,0,0,0,0,0,0,0,0,0,0,0,0,0,0,0,0,0,0,0,0,0,0,0,0,0,0,0,0,0,0,0,0,0,0,0,0,0,0,0,0,0,0,0,0
0.0117762512266928,0.0294406280667321,0.0603532875368008,0.0961727183513248,0.12855740922473,0.11972522080471,0.102060843964671,0.0961727183513248,0.0814524043179588,0.0608439646712463,0.0480863591756624,0.0397448478900883,0.0220804710500491,0.0161923454367027,0.00932286555446516,0.0122669283611384,0.00539744847890088,0.00736015701668302,0.00834151128557409,0.00490677134445535,0.00588812561334642,0.00343473994111874,0.00539744847890088,0.00196270853778214,0.00196270853778214,0.000490677134445535,0.00441609421000981,0.00098135426889107,0,0.00098135426889107,0.0014720314033366,0,0.00196270853778214,0.0014720314033366,0.000490677134445535,0.0014720314033366,0.000490677134445535,0.000490677134445535,0,0.00098135426889107,0,0.000490677134445535,0.000490677134445535,0,0.000490677134445535,0.000490677134445535,0,0,0.000490677134445535,0,0,0,0.000490677134445535,0,0,0,0.000490677134445535,0,0,0,0,0,0,0.000490677134445535,0.000490677134445535,0,0,0,0,0,0,0,0.000490677134445535,0,0,0,0,0,0,0,0.000490677134445535,0,0,0,0,0,0,0,0,0,0,0,0,0,0,0,0,0,0,0,0,0,0,0,0,0,0,0,0,0,0,0,0,0,0,0,0,0,0,0,0,0,0,0,0,0,0,0,0,0,0,0,0,0,0,0,0,0,0,0,0,0,0,0,0,0,0,0,0,0,0,0,0,0,0,0,0,0,0,0,0,0,0,0,0,0,0,0,0,0,0,0,0,0,0,0,0,0,0,0,0,0,0,0,0,0,0,0,0,0,0,0,0,0,0,0,0,0,0,0
0.0146484375,0.029296875,0.06103515625,0.10009765625,0.11669921875,0.13525390625,0.1171875,0.09228515625,0.0703125,0.05517578125,0.0419921875,0.0302734375,0.02685546875,0.0185546875,0.0146484375,0.013671875,0.009765625,0.00341796875,0.00537109375,0.00439453125,0.00439453125,0.00439453125,0.00341796875,0.0029296875,0.0029296875,0.0029296875,0.00146484375,0.001953125,0.00146484375,0.00146484375,0.00146484375,0.001953125,0.00048828125,0.0009765625,0.0009765625,0,0,0.00048828125,0.00048828125,0.00048828125,0,0.00048828125,0.00048828125,0,0.0009765625,0,0,0,0,0.00048828125,0,0,0.00048828125,0,0,0,0,0,0,0.00048828125,0.00048828125,0,0,0,0,0,0,0,0,0,0,0,0,0.00048828125,0,0,0,0,0,0,0,0,0,0,0,0,0,0,0,0,0,0,0,0,0,0,0,0,0,0,0,0,0,0,0,0,0,0,0,0,0,0,0,0,0,0,0,0,0,0,0,0,0,0,0,0,0,0,0,0,0,0,0,0,0,0,0,0,0,0,0,0,0,0,0,0,0,0,0,0,0,0,0,0,0,0,0,0,0,0,0,0,0,0,0,0,0,0,0,0,0,0,0,0,0,0,0,0,0,0,0,0,0,0,0,0,0,0,0,0,0,0,0,0,0,0,0,0,0,0
0.0168567178978681,0.0396628656420426,0.0515617253346554,0.0847793753098661,0.119980168567179,0.115022310361924,0.117501239464551,0.108081308874566,0.0748636588993555,0.0609816559246406,0.0451165096678235,0.0332176499752107,0.0242935052057511,0.0173525037183937,0.0133862171541894,0.0123946455131383,0.00842835894893406,0.00743678730788299,0.00892414476945959,0.00842835894893406,0.00396628656420426,0.00396628656420426,0.00198314328210213,0.0029747149231532,0.000495785820525533,0.0014873574615766,0.00198314328210213,0.0014873574615766,0.0014873574615766,0.000495785820525533,0,0,0.0014873574615766,0,0.000991571641051066,0.000495785820525533,0.000991571641051066,0,0.000495785820525533,0.000495785820525533,0.000991571641051066,0.000495785820525533,0,0.000495785820525533,0,0.000495785820525533,0,0.000991571641051066,0,0.000495785820525533,0,0,0.000495785820525533,0.000495785820525533,0.000495785820525533,0,0.000495785820525533,0,0,0,0,0.000495785820525533,0,0,0,0,0,0,0,0,0,0,0,0,0,0,0,0,0,0,0,0,0,0,0,0,0,0,0,0,0,0,0,0,0,0,0,0,0,0,0,0,0,0,0,0,0,0,0,0,0,0,0,0,0,0,0,0,0,0,0,0,0,0,0,0,0,0,0,0,0,0,0,0,0,0,0,0,0,0,0,0,0,0,0,0,0,0,0,0,0,0,0,0,0,0,0,0,0,0,0,0,0,0,0,0,0,0,0,0,0,0,0,0,0,0,0,0,0,0,0,0,0,0,0,0,0,0,0,0,0,0,0,0,0,0,0,0,0,0
0.0161290322580645,0.0297379032258065,0.0680443548387097,0.0962701612903226,0.110383064516129,0.134072580645161,0.112903225806452,0.101814516129032,0.077116935483871,0.0544354838709677,0.0398185483870968,0.032258064516129,0.0241935483870968,0.014616935483871,0.0120967741935484,0.0100806451612903,0.00806451612903226,0.00705645161290323,0.0030241935483871,0.00756048387096774,0.00453629032258065,0.00403225806451613,0.00604838709677419,0.00352822580645161,0.00151209677419355,0.000504032258064516,0.00201612903225806,0.000504032258064516,0.00201612903225806,0.000504032258064516,0.00151209677419355,0.0030241935483871,0,0,0.00201612903225806,0.00100806451612903,0.00151209677419355,0,0,0.000504032258064516,0.000504032258064516,0,0.000504032258064516,0.00151209677419355,0.00100806451612903,0,0,0.000504032258064516,0,0,0.000504032258064516,0,0,0,0,0,0,0,0,0,0,0,0,0,0,0.00100806451612903,0,0,0,0,0,0,0,0,0,0,0,0,0,0,0,0,0,0,0,0,0,0,0,0,0,0,0,0,0,0,0,0,0,0,0,0,0,0,0,0,0,0,0,0,0,0,0,0,0,0,0,0,0,0,0,0,0,0,0,0,0,0,0,0,0,0,0,0,0,0,0,0,0,0,0,0,0,0,0,0,0,0,0,0,0,0,0,0,0,0,0,0,0,0,0,0,0,0,0,0,0,0,0,0,0,0,0,0,0,0,0,0,0,0,0,0,0,0,0,0,0,0,0,0,0,0,0,0,0,0,0,0,0,0
0.0124440019910403,0.0298656047784968,0.0691886510701842,0.0890990542558487,0.138377302140368,0.116973618715779,0.116973618715779,0.0975609756097561,0.0801393728222996,0.0572424091587855,0.0353409656545545,0.0328521652563464,0.0233947237431558,0.0139372822299652,0.0144350423096068,0.00995520159283225,0.00547536087605774,0.00696864111498258,0.00547536087605774,0.00597312095569935,0.00149328023892484,0.00447984071677451,0.00248880039820806,0.00497760079641613,0.00248880039820806,0.000497760079641613,0.00248880039820806,0.00248880039820806,0.00199104031856645,0.00149328023892484,0.000995520159283225,0.000497760079641613,0.000995520159283225,0.000497760079641613,0.000497760079641613,0.00149328023892484,0.000497760079641613,0.000497760079641613,0.000497760079641613,0,0.000995520159283225,0.000497760079641613,0.000497760079641613,0.000497760079641613,0,0.000995520159283225,0,0.000497760079641613,0.000497760079641613,0,0.000497760079641613,0,0,0,0.000995520159283225,0,0,0,0,0,0,0,0,0,0.000497760079641613,0,0,0,0,0.000497760079641613,0,0,0,0,0,0,0,0,0,0,0,0,0,0,0,0,0,0,0,0,0,0,0,0,0,0,0,0,0,0,0,0,0,0,0,0,0,0,0,0,0,0,0,0,0,0,0,0,0,0,0,0,0,0,0,0,0,0,0,0,0,0,0,0,0,0,0,0,0,0,0,0,0,0,0,0,0,0,0,0,0,0,0,0,0,0,0,0,0,0,0,0,0,0,0,0,0,0,0,0,0,0,0,0,0,0,0,0,0,0,0,0,0,0,0,0,0,0,0,0,0,0,0,0,0,0,0,0,0,0
0.0124875124875125,0.020979020979021,0.0584415584415584,0.0949050949050949,0.126873126873127,0.12037962037962,0.104395604395604,0.110889110889111,0.0764235764235764,0.0649350649350649,0.0464535464535465,0.0284715284715285,0.027972027972028,0.0184815184815185,0.012987012987013,0.0134865134865135,0.00849150849150849,0.004995004995005,0.0044955044955045,0.00749250749250749,0.0034965034965035,0.0044955044955045,0.003996003996004,0.002997002997003,0.002997002997003,0.000999000999000999,0.0014985014985015,0.0014985014985015,0.001998001998002,0.000999000999000999,0.000999000999000999,0.000999000999000999,0.0004995004995005,0.0004995004995005,0.001998001998002,0.000999000999000999,0,0.0004995004995005,0,0.0004995004995005,0.000999000999000999,0.0014985014985015,0,0.000999000999000999,0,0,0,0,0,0,0,0,0,0,0,0,0,0,0,0,0,0,0,0,0.0004995004995005,0,0,0,0,0,0,0,0,0,0,0,0,0,0,0,0,0,0,0,0,0,0,0,0,0,0,0,0,0,0,0,0,0,0,0,0,0,0,0,0,0,0,0,0,0,0,0,0,0,0,0,0,0,0,0,0,0,0,0,0,0,0,0,0,0,0,0,0,0,0,0,0,0,0,0,0,0,0,0,0,0,0,0,0,0,0,0,0,0,0,0,0,0,0,0,0,0,0,0,0,0,0,0,0,0,0,0,0,0,0,0,0,0,0,0,0,0,0,0,0,0,0,0,0,0,0,0,0,0,0,0,0,0,0,0
